kab_kode,kab_nama,kec_kode,kec_nama,desa_kode,desa_nama
75.01,"KABUPATEN GORONTALO",75.01.04,TIBAWA,75.01.04.2001,"ISIMU UTARA"
75.01,"KABUPATEN GORONTALO",75.01.04,TIBAWA,75.01.04.2002,"ISIMU SELATAN"
75.01,"KABUPATEN GORONTALO",75.01.04,TIBAWA,75.01.04.2003,DATAHU
75.01,"KABUPATEN GORONTALO",75.01.04,TIBAWA,75.01.04.2004,TOLOTIO
75.01,"KABUPATEN GORONTALO",75.01.04,TIBAWA,75.01.04.2005,LABANU
75.01,"KABUPATEN GORONTALO",75.01.04,TIBAWA,75.01.04.2006,REKSONEGORO
75.01,"KABUPATEN GORONTALO",75.01.04,TIBAWA,75.01.04.2007,BUHU
75.01,"KABUPATEN GORONTALO",75.01.04,TIBAWA,75.01.04.2008,DUNGGALA
75.01,"KABUPATEN GORONTALO",75.01.04,TIBAWA,75.01.04.2009,MOLOWAHU
75.01,"KABUPATEN GORONTALO",75.01.04,TIBAWA,75.01.04.2010,ILOPONU
75.01,"KABUPATEN GORONTALO",75.01.04,TIBAWA,75.01.04.2011,ILOMATA
75.01,"KABUPATEN GORONTALO",75.01.04,TIBAWA,75.01.04.2012,MOTILANGO
75.01,"KABUPATEN GORONTALO",75.01.04,TIBAWA,75.01.04.2013,"ISIMU RAYA"
75.01,"KABUPATEN GORONTALO",75.01.04,TIBAWA,75.01.04.2014,BALAHU
75.01,"KABUPATEN GORONTALO",75.01.04,TIBAWA,75.01.04.2015,BOTUMOPUTI
75.01,"KABUPATEN GORONTALO",75.01.04,TIBAWA,75.01.04.2016,ULOBUA
75.01,"KABUPATEN GORONTALO",75.01.11,BONGOMEME,75.01.11.2001,DULAMAYO
75.01,"KABUPATEN GORONTALO",75.01.11,BONGOMEME,75.01.11.2008,UPOMELA
75.01,"KABUPATEN GORONTALO",75.01.11,BONGOMEME,75.01.11.2009,TOHUPO
75.01,"KABUPATEN GORONTALO",75.01.11,BONGOMEME,75.01.11.2010,MOLANIHU
75.01,"KABUPATEN GORONTALO",75.01.11,BONGOMEME,75.01.11.2011,MOLOPATODU
75.01,"KABUPATEN GORONTALO",75.01.11,BONGOMEME,75.01.11.2012,MOLAS
75.01,"KABUPATEN GORONTALO",75.01.11,BONGOMEME,75.01.11.2013,BATULAYAR
75.01,"KABUPATEN GORONTALO",75.01.11,BONGOMEME,75.01.11.2014,BATULORENG
75.01,"KABUPATEN GORONTALO",75.01.11,BONGOMEME,75.01.11.2015,BONGOHULAWA
75.01,"KABUPATEN GORONTALO",75.01.11,BONGOMEME,75.01.11.2016,OTOPADE
75.01,"KABUPATEN GORONTALO",75.01.11,BONGOMEME,75.01.11.2018,"HUNTULO HULAWA"
75.01,"KABUPATEN GORONTALO",75.01.11,BONGOMEME,75.01.11.2022,OWALANGA
75.01,"KABUPATEN GORONTALO",75.01.11,BONGOMEME,75.01.11.2023,LIYODU
75.01,"KABUPATEN GORONTALO",75.01.11,BONGOMEME,75.01.11.2024,LIYOTO
75.01,"KABUPATEN GORONTALO",75.01.11,BONGOMEME,75.01.11.2025,KAYUMERAH
75.01,"KABUPATEN GORONTALO",75.01.10,"TELAGA BIRU",75.01.10.2001,"DULAMAYO UTARA"
75.01,"KABUPATEN GORONTALO",75.01.10,"TELAGA BIRU",75.01.10.2002,"ULAPATO A"
75.01,"KABUPATEN GORONTALO",75.01.10,"TELAGA BIRU",75.01.10.2003,"ULAPATO B"
75.01,"KABUPATEN GORONTALO",75.01.10,"TELAGA BIRU",75.01.10.2004,TALUMELITO
75.01,"KABUPATEN GORONTALO",75.01.10,"TELAGA BIRU",75.01.10.2005,TULADENGGI
75.01,"KABUPATEN GORONTALO",75.01.10,"TELAGA BIRU",75.01.10.2006,PANTUNGO
75.01,"KABUPATEN GORONTALO",75.01.10,"TELAGA BIRU",75.01.10.2007,LUPOYO
75.01,"KABUPATEN GORONTALO",75.01.10,"TELAGA BIRU",75.01.10.2008,"PENTADIO TIMUR"
75.01,"KABUPATEN GORONTALO",75.01.10,"TELAGA BIRU",75.01.10.2009,"PENTADIO BARAT"
75.01,"KABUPATEN GORONTALO",75.01.10,"TELAGA BIRU",75.01.10.2010,DUMATI
75.01,"KABUPATEN GORONTALO",75.01.10,"TELAGA BIRU",75.01.10.2011,MODELIDU
75.01,"KABUPATEN GORONTALO",75.01.10,"TELAGA BIRU",75.01.10.2012,TINELO
75.01,"KABUPATEN GORONTALO",75.01.10,"TELAGA BIRU",75.01.10.2013,TIMUATO
75.01,"KABUPATEN GORONTALO",75.01.10,"TELAGA BIRU",75.01.10.2014,TAPALULUO
75.01,"KABUPATEN GORONTALO",75.01.10,"TELAGA BIRU",75.01.10.2015,TONALA
75.01,"KABUPATEN GORONTALO",75.01.19,TABONGO,75.01.19.2001,"TABONGO TIMUR"
75.01,"KABUPATEN GORONTALO",75.01.19,TABONGO,75.01.19.2002,"TABONGO BARAT"
75.01,"KABUPATEN GORONTALO",75.01.19,TABONGO,75.01.19.2003,"LIMEHE BARAT"
75.01,"KABUPATEN GORONTALO",75.01.19,TABONGO,75.01.19.2004,"LIMEHE TIMUR"
75.01,"KABUPATEN GORONTALO",75.01.19,TABONGO,75.01.19.2005,ILOMANGGA
75.01,"KABUPATEN GORONTALO",75.01.19,TABONGO,75.01.19.2006,MOTINELO
75.01,"KABUPATEN GORONTALO",75.01.19,TABONGO,75.01.19.2007,MOAHUDU
75.01,"KABUPATEN GORONTALO",75.01.19,TABONGO,75.01.19.2008,TERATAI
75.01,"KABUPATEN GORONTALO",75.01.19,TABONGO,75.01.19.2009,LIMEHU
75.01,"KABUPATEN GORONTALO",75.01.22,"TALAGA JAYA",75.01.22.2001,HUTADAA
75.01,"KABUPATEN GORONTALO",75.01.22,"TALAGA JAYA",75.01.22.2002,BUHU
75.01,"KABUPATEN GORONTALO",75.01.22,"TALAGA JAYA",75.01.22.2003,LUWOO
75.01,"KABUPATEN GORONTALO",75.01.22,"TALAGA JAYA",75.01.22.2004,BUNGGALO
75.01,"KABUPATEN GORONTALO",75.01.22,"TALAGA JAYA",75.01.22.2005,BULOTA
75.01,"KABUPATEN GORONTALO",75.01.17,"LIMBOTO BARAT",75.01.17.2001,PONE
75.01,"KABUPATEN GORONTALO",75.01.17,"LIMBOTO BARAT",75.01.17.2002,HUIDU
75.01,"KABUPATEN GORONTALO",75.01.17,"LIMBOTO BARAT",75.01.17.2003,OMBULO
75.01,"KABUPATEN GORONTALO",75.01.17,"LIMBOTO BARAT",75.01.17.2004,DAENAA
75.01,"KABUPATEN GORONTALO",75.01.17,"LIMBOTO BARAT",75.01.17.2005,YOSONEGORO
75.01,"KABUPATEN GORONTALO",75.01.17,"LIMBOTO BARAT",75.01.17.2006,TUNGGULO
75.01,"KABUPATEN GORONTALO",75.01.17,"LIMBOTO BARAT",75.01.17.2007,HUTABOHU
75.01,"KABUPATEN GORONTALO",75.01.17,"LIMBOTO BARAT",75.01.17.2008,PADENGO
75.01,"KABUPATEN GORONTALO",75.01.17,"LIMBOTO BARAT",75.01.17.2009,HAYA-HAYA
75.01,"KABUPATEN GORONTALO",75.01.17,"LIMBOTO BARAT",75.01.17.2010,"HUIDU UTARA"
75.01,"KABUPATEN GORONTALO",75.01.02,TELAGA,75.01.02.2011,BULILA
75.01,"KABUPATEN GORONTALO",75.01.02,TELAGA,75.01.02.2014,MONGOLATO
75.01,"KABUPATEN GORONTALO",75.01.02,TELAGA,75.01.02.2015,LUHU
75.01,"KABUPATEN GORONTALO",75.01.02,TELAGA,75.01.02.2016,HULAWA
75.01,"KABUPATEN GORONTALO",75.01.02,TELAGA,75.01.02.2017,PILOHAYANGA
75.01,"KABUPATEN GORONTALO",75.01.02,TELAGA,75.01.02.2018,"DULAMAYO SELATAN"
75.01,"KABUPATEN GORONTALO",75.01.02,TELAGA,75.01.02.2019,"DULAMAYO BARAT"
75.01,"KABUPATEN GORONTALO",75.01.02,TELAGA,75.01.02.2020,DULOHUPA
75.01,"KABUPATEN GORONTALO",75.01.02,TELAGA,75.01.02.2021,"PILOHAYANGA BARAT"
75.01,"KABUPATEN GORONTALO",75.01.13,TOLANGOHULA,75.01.13.2001,SUKAMAKMUR
75.01,"KABUPATEN GORONTALO",75.01.13,TOLANGOHULA,75.01.13.2002,LAKEYA
75.01,"KABUPATEN GORONTALO",75.01.13,TOLANGOHULA,75.01.13.2003,GANDASARI
75.01,"KABUPATEN GORONTALO",75.01.13,TOLANGOHULA,75.01.13.2004,MOLOHU
75.01,"KABUPATEN GORONTALO",75.01.13,TOLANGOHULA,75.01.13.2007,POLOHUNGO
75.01,"KABUPATEN GORONTALO",75.01.13,TOLANGOHULA,75.01.13.2008,"BINA JAYA"
75.01,"KABUPATEN GORONTALO",75.01.13,TOLANGOHULA,75.01.13.2009,TAMAILA
75.01,"KABUPATEN GORONTALO",75.01.13,TOLANGOHULA,75.01.13.2010,SIDOARJO
75.01,"KABUPATEN GORONTALO",75.01.13,TOLANGOHULA,75.01.13.2013,"SUKAMAKMUR UTARA"
75.01,"KABUPATEN GORONTALO",75.01.13,TOLANGOHULA,75.01.13.2014,MARGOMULYA
75.01,"KABUPATEN GORONTALO",75.01.13,TOLANGOHULA,75.01.13.2015,"MAKMUR ABADI"
75.01,"KABUPATEN GORONTALO",75.01.13,TOLANGOHULA,75.01.13.2016,GANDARIA
75.01,"KABUPATEN GORONTALO",75.01.13,TOLANGOHULA,75.01.13.2017,"OMBULO TANGO"
75.01,"KABUPATEN GORONTALO",75.01.13,TOLANGOHULA,75.01.13.2018,"TAMALIA UTARA"
75.01,"KABUPATEN GORONTALO",75.01.13,TOLANGOHULA,75.01.13.2019,HIMALAYA
75.01,"KABUPATEN GORONTALO",75.01.21,ASPARAGA,75.01.21.2001,BULULI
75.01,"KABUPATEN GORONTALO",75.01.21,ASPARAGA,75.01.21.2002,MOHIYOLO
75.01,"KABUPATEN GORONTALO",75.01.21,ASPARAGA,75.01.21.2003,PANGAHU
75.01,"KABUPATEN GORONTALO",75.01.21,ASPARAGA,75.01.21.2004,"KARYA INDAH"
75.01,"KABUPATEN GORONTALO",75.01.21,ASPARAGA,75.01.21.2005,PRIMA
75.01,"KABUPATEN GORONTALO",75.01.21,ASPARAGA,75.01.21.2006,TIOHU
75.01,"KABUPATEN GORONTALO",75.01.21,ASPARAGA,75.01.21.2007,OLIMOHULO
75.01,"KABUPATEN GORONTALO",75.01.21,ASPARAGA,75.01.21.2008,"KARYA BARU"
75.01,"KABUPATEN GORONTALO",75.01.21,ASPARAGA,75.01.21.2009,BONTULA
75.01,"KABUPATEN GORONTALO",75.01.21,ASPARAGA,75.01.21.2010,BIHE
75.01,"KABUPATEN GORONTALO",75.01.24,DUNGALIYO,75.01.24.2001,PILOLALENGA
75.01,"KABUPATEN GORONTALO",75.01.24,DUNGALIYO,75.01.24.2002,KALIYOSO
75.01,"KABUPATEN GORONTALO",75.01.24,DUNGALIYO,75.01.24.2003,DUNGALIYO
75.01,"KABUPATEN GORONTALO",75.01.24,DUNGALIYO,75.01.24.2004,AMBARA
75.01,"KABUPATEN GORONTALO",75.01.24,DUNGALIYO,75.01.24.2005,BONGOMEME
75.01,"KABUPATEN GORONTALO",75.01.24,DUNGALIYO,75.01.24.2006,DUWANGA
75.01,"KABUPATEN GORONTALO",75.01.24,DUNGALIYO,75.01.24.2007,AYUHULA
75.01,"KABUPATEN GORONTALO",75.01.24,DUNGALIYO,75.01.24.2008,PANGADAA
75.01,"KABUPATEN GORONTALO",75.01.24,DUNGALIYO,75.01.24.2009,BOTUBULOWE
75.01,"KABUPATEN GORONTALO",75.01.24,DUNGALIYO,75.01.24.2010,MOMALA
75.01,"KABUPATEN GORONTALO",75.01.18,TILANGO,75.01.18.2001,TUALANGO
75.01,"KABUPATEN GORONTALO",75.01.18,TILANGO,75.01.18.2002,DULOMO
75.01,"KABUPATEN GORONTALO",75.01.18,TILANGO,75.01.18.2003,TILOTE
75.01,"KABUPATEN GORONTALO",75.01.18,TILANGO,75.01.18.2004,TABUMELA
75.01,"KABUPATEN GORONTALO",75.01.18,TILANGO,75.01.18.2005,ILOTIDEA
75.01,"KABUPATEN GORONTALO",75.01.18,TILANGO,75.01.18.2006,LAUWONU
75.01,"KABUPATEN GORONTALO",75.01.18,TILANGO,75.01.18.2007,TENGGELA
75.01,"KABUPATEN GORONTALO",75.01.18,TILANGO,75.01.18.2008,TINELO
75.01,"KABUPATEN GORONTALO",75.01.14,MOOTILANGO,75.01.14.2001,PARIS
75.01,"KABUPATEN GORONTALO",75.01.14,MOOTILANGO,75.01.14.2002,HELUMO
75.01,"KABUPATEN GORONTALO",75.01.14,MOOTILANGO,75.01.14.2003,PILOMONU
75.01,"KABUPATEN GORONTALO",75.01.14,MOOTILANGO,75.01.14.2004,SATRIA
75.01,"KABUPATEN GORONTALO",75.01.14,MOOTILANGO,75.01.14.2005,KARYAMUKTI
75.01,"KABUPATEN GORONTALO",75.01.14,MOOTILANGO,75.01.14.2006,TALUMOPATU
75.01,"KABUPATEN GORONTALO",75.01.14,MOOTILANGO,75.01.14.2007,SIDOMUKTI
75.01,"KABUPATEN GORONTALO",75.01.14,MOOTILANGO,75.01.14.2008,PAYU
75.01,"KABUPATEN GORONTALO",75.01.14,MOOTILANGO,75.01.14.2009,SUKAMAJU
75.01,"KABUPATEN GORONTALO",75.01.14,MOOTILANGO,75.01.14.2010,HUYULA
75.01,"KABUPATEN GORONTALO",75.01.16,PULUBALA,75.01.16.2001,PONGONGAILA
75.01,"KABUPATEN GORONTALO",75.01.16,PULUBALA,75.01.16.2002,PULUBALA
75.01,"KABUPATEN GORONTALO",75.01.16,PULUBALA,75.01.16.2003,MOLAMAHU
75.01,"KABUPATEN GORONTALO",75.01.16,PULUBALA,75.01.16.2004,BAKTI
75.01,"KABUPATEN GORONTALO",75.01.16,PULUBALA,75.01.16.2005,TRIDHARMA
75.01,"KABUPATEN GORONTALO",75.01.16,PULUBALA,75.01.16.2006,MOLALAHU
75.01,"KABUPATEN GORONTALO",75.01.16,PULUBALA,75.01.16.2007,MULYONEGORO
75.01,"KABUPATEN GORONTALO",75.01.16,PULUBALA,75.01.16.2008,PUNCAK
75.01,"KABUPATEN GORONTALO",75.01.16,PULUBALA,75.01.16.2009,TOYIDITO
75.01,"KABUPATEN GORONTALO",75.01.16,PULUBALA,75.01.16.2010,AYUMOLINGO
75.01,"KABUPATEN GORONTALO",75.01.16,PULUBALA,75.01.16.2011,"BUKIT AREN"
75.01,"KABUPATEN GORONTALO",75.01.01,LIMBOTO,75.01.01.1001,KAYUBULAN
75.01,"KABUPATEN GORONTALO",75.01.01,LIMBOTO,75.01.01.1002,KAYUMERAH
75.01,"KABUPATEN GORONTALO",75.01.01,LIMBOTO,75.01.01.1003,HUNGGALUWA
75.01,"KABUPATEN GORONTALO",75.01.01,LIMBOTO,75.01.01.1004,BOLIHUANGGA
75.01,"KABUPATEN GORONTALO",75.01.01,LIMBOTO,75.01.01.1005,HEPUHULAWA
75.01,"KABUPATEN GORONTALO",75.01.01,LIMBOTO,75.01.01.1006,HUTUO
75.01,"KABUPATEN GORONTALO",75.01.01,LIMBOTO,75.01.01.1007,DUTULANAA
75.01,"KABUPATEN GORONTALO",75.01.01,LIMBOTO,75.01.01.1008,TENILO
75.01,"KABUPATEN GORONTALO",75.01.01,LIMBOTO,75.01.01.1009,BIYONGA
75.01,"KABUPATEN GORONTALO",75.01.01,LIMBOTO,75.01.01.1010,BONGOHULAWA
75.01,"KABUPATEN GORONTALO",75.01.01,LIMBOTO,75.01.01.1011,BULOTA
75.01,"KABUPATEN GORONTALO",75.01.01,LIMBOTO,75.01.01.1012,MALAHU
75.01,"KABUPATEN GORONTALO",75.01.01,LIMBOTO,75.01.01.1013,TILIHUWA
75.01,"KABUPATEN GORONTALO",75.01.01,LIMBOTO,75.01.01.1014,POLOHUNGO
75.01,"KABUPATEN GORONTALO",75.01.20,BILUHU,75.01.20.2001,"BILUHU BARAT"
75.01,"KABUPATEN GORONTALO",75.01.20,BILUHU,75.01.20.2002,LOBUTO
75.01,"KABUPATEN GORONTALO",75.01.20,BILUHU,75.01.20.2003,"BILUHU TENGAH"
75.01,"KABUPATEN GORONTALO",75.01.20,BILUHU,75.01.20.2004,LULUO
75.01,"KABUPATEN GORONTALO",75.01.20,BILUHU,75.01.20.2005,HUWONGO
75.01,"KABUPATEN GORONTALO",75.01.20,BILUHU,75.01.20.2006,"LOBUTO TIMUR"
75.01,"KABUPATEN GORONTALO",75.01.20,BILUHU,75.01.20.2007,"BOTU BOLUO"
75.01,"KABUPATEN GORONTALO",75.01.20,BILUHU,75.01.20.2008,OLIMEYALA
75.01,"KABUPATEN GORONTALO",75.01.03,BATUDAA,75.01.03.2001,ILUTA
75.01,"KABUPATEN GORONTALO",75.01.03,BATUDAA,75.01.03.2002,BUA
75.01,"KABUPATEN GORONTALO",75.01.03,BATUDAA,75.01.03.2003,HUNTU
75.01,"KABUPATEN GORONTALO",75.01.03,BATUDAA,75.01.03.2004,PAYUNGA
75.01,"KABUPATEN GORONTALO",75.01.03,BATUDAA,75.01.03.2012,BARAKATI
75.01,"KABUPATEN GORONTALO",75.01.03,BATUDAA,75.01.03.2013,ILOHUNGAYO
75.01,"KABUPATEN GORONTALO",75.01.03,BATUDAA,75.01.03.2014,DUNGGALA
75.01,"KABUPATEN GORONTALO",75.01.03,BATUDAA,75.01.03.2015,PILOBUHUTA
75.01,"KABUPATEN GORONTALO",75.01.05,"BATUDAA PANTAI",75.01.05.2004,TONTAYUO
75.01,"KABUPATEN GORONTALO",75.01.05,"BATUDAA PANTAI",75.01.05.2005,"BILUHU TIMUR"
75.01,"KABUPATEN GORONTALO",75.01.05,"BATUDAA PANTAI",75.01.05.2006,KAYUBULAN
75.01,"KABUPATEN GORONTALO",75.01.05,"BATUDAA PANTAI",75.01.05.2007,BONGO
75.01,"KABUPATEN GORONTALO",75.01.05,"BATUDAA PANTAI",75.01.05.2008,LOPO
75.01,"KABUPATEN GORONTALO",75.01.05,"BATUDAA PANTAI",75.01.05.2009,LAMU
75.01,"KABUPATEN GORONTALO",75.01.05,"BATUDAA PANTAI",75.01.05.2012,OLIMOO'O
75.01,"KABUPATEN GORONTALO",75.01.05,"BATUDAA PANTAI",75.01.05.2014,BUHUDAA
75.01,"KABUPATEN GORONTALO",75.01.05,"BATUDAA PANTAI",75.01.05.2015,LANGGULA
75.01,"KABUPATEN GORONTALO",75.01.09,BOLIYOHUTO,75.01.09.2001,SIDOMULYO
75.01,"KABUPATEN GORONTALO",75.01.09,BOLIYOHUTO,75.01.09.2004,PARUNGI
75.01,"KABUPATEN GORONTALO",75.01.09,BOLIYOHUTO,75.01.09.2006,DILONIYOHU
75.01,"KABUPATEN GORONTALO",75.01.09,BOLIYOHUTO,75.01.09.2007,SIDODADI
75.01,"KABUPATEN GORONTALO",75.01.09,BOLIYOHUTO,75.01.09.2010,POTANGA
75.01,"KABUPATEN GORONTALO",75.01.09,BOLIYOHUTO,75.01.09.2011,MOTODUTO
75.01,"KABUPATEN GORONTALO",75.01.09,BOLIYOHUTO,75.01.09.2012,ILOHELUMA
75.01,"KABUPATEN GORONTALO",75.01.09,BOLIYOHUTO,75.01.09.2014,MONGGOLITO
75.01,"KABUPATEN GORONTALO",75.01.09,BOLIYOHUTO,75.01.09.2015,"BANDUNG REJO"
75.01,"KABUPATEN GORONTALO",75.01.09,BOLIYOHUTO,75.01.09.2018,DULOHUPA
75.01,"KABUPATEN GORONTALO",75.01.09,BOLIYOHUTO,75.01.09.2019,"SIDOMULYA SELATAN"
75.01,"KABUPATEN GORONTALO",75.01.09,BOLIYOHUTO,75.01.09.2020,BONGONGOAYU
75.01,"KABUPATEN GORONTALO",75.01.09,BOLIYOHUTO,75.01.09.2021,TOLITE
75.01,"KABUPATEN GORONTALO",75.01.23,BILATO,75.01.23.2001,TOTOPO
75.01,"KABUPATEN GORONTALO",75.01.23,BILATO,75.01.23.2002,BILATO
75.01,"KABUPATEN GORONTALO",75.01.23,BILATO,75.01.23.2003,ILOMATA
75.01,"KABUPATEN GORONTALO",75.01.23,BILATO,75.01.23.2004,TAULA'A
75.01,"KABUPATEN GORONTALO",75.01.23,BILATO,75.01.23.2005,JURIYA
75.01,"KABUPATEN GORONTALO",75.01.23,BILATO,75.01.23.2006,PELEHU
75.01,"KABUPATEN GORONTALO",75.01.23,BILATO,75.01.23.2007,BUMELA
75.01,"KABUPATEN GORONTALO",75.01.23,BILATO,75.01.23.2008,LAMAHU
75.01,"KABUPATEN GORONTALO",75.01.23,BILATO,75.01.23.2009,MUSYAWARAH
75.01,"KABUPATEN GORONTALO",75.01.23,BILATO,75.01.23.2010,"SUKA DAMAI"
75.02,"KABUPATEN BOALEMO",75.02.04,TILAMUTA,75.02.04.2001,LIMBATO
75.02,"KABUPATEN BOALEMO",75.02.04,TILAMUTA,75.02.04.2002,PILOLIYANGA
75.02,"KABUPATEN BOALEMO",75.02.04,TILAMUTA,75.02.04.2003,AYUHULALO
75.02,"KABUPATEN BOALEMO",75.02.04,TILAMUTA,75.02.04.2004,HUNGAYONAA
75.02,"KABUPATEN BOALEMO",75.02.04,TILAMUTA,75.02.04.2005,MODELOMO
75.02,"KABUPATEN BOALEMO",75.02.04,TILAMUTA,75.02.04.2006,"PENTADU BARAT"
75.02,"KABUPATEN BOALEMO",75.02.04,TILAMUTA,75.02.04.2007,"PENTADU TIMUR"
75.02,"KABUPATEN BOALEMO",75.02.04,TILAMUTA,75.02.04.2008,BAJO
75.02,"KABUPATEN BOALEMO",75.02.04,TILAMUTA,75.02.04.2009,MOHUNGO
75.02,"KABUPATEN BOALEMO",75.02.04,TILAMUTA,75.02.04.2010,LAHUMBO
75.02,"KABUPATEN BOALEMO",75.02.04,TILAMUTA,75.02.04.2011,LAMU
75.02,"KABUPATEN BOALEMO",75.02.04,TILAMUTA,75.02.04.2018,TENILO
75.02,"KABUPATEN BOALEMO",75.02.02,WONOSARI,75.02.02.2001,HARAPAN
75.02,"KABUPATEN BOALEMO",75.02.02,WONOSARI,75.02.02.2002,"BONGO II"
75.02,"KABUPATEN BOALEMO",75.02.02,WONOSARI,75.02.02.2003,"BONGO III"
75.02,"KABUPATEN BOALEMO",75.02.02,WONOSARI,75.02.02.2004,MEKARJAYA
75.02,"KABUPATEN BOALEMO",75.02.02,WONOSARI,75.02.02.2005,SUKAMAJU
75.02,"KABUPATEN BOALEMO",75.02.02,WONOSARI,75.02.02.2006,PANGEYA
75.02,"KABUPATEN BOALEMO",75.02.02,WONOSARI,75.02.02.2007,JATIMULYA
75.02,"KABUPATEN BOALEMO",75.02.02,WONOSARI,75.02.02.2008,"SUKA MULYA"
75.02,"KABUPATEN BOALEMO",75.02.02,WONOSARI,75.02.02.2009,"SARI TANI"
75.02,"KABUPATEN BOALEMO",75.02.02,WONOSARI,75.02.02.2010,DIMITO
75.02,"KABUPATEN BOALEMO",75.02.02,WONOSARI,75.02.02.2011,"TANJUNG HARAPAN"
75.02,"KABUPATEN BOALEMO",75.02.02,WONOSARI,75.02.02.2012,RAHARJA
75.02,"KABUPATEN BOALEMO",75.02.02,WONOSARI,75.02.02.2013,TRIRUKUN
75.02,"KABUPATEN BOALEMO",75.02.02,WONOSARI,75.02.02.2014,DULOHUPA
75.02,"KABUPATEN BOALEMO",75.02.01,PAGUYAMAN,75.02.01.2004,"BONGO NOL"
75.02,"KABUPATEN BOALEMO",75.02.01,PAGUYAMAN,75.02.01.2005,"BONGO IV"
75.02,"KABUPATEN BOALEMO",75.02.01,PAGUYAMAN,75.02.01.2006,MOLOMBULAHE
75.02,"KABUPATEN BOALEMO",75.02.01,PAGUYAMAN,75.02.01.2007,MUTIARA
75.02,"KABUPATEN BOALEMO",75.02.01,PAGUYAMAN,75.02.01.2008,SARIPI
75.02,"KABUPATEN BOALEMO",75.02.01,PAGUYAMAN,75.02.01.2009,WONGGAHU
75.02,"KABUPATEN BOALEMO",75.02.01,PAGUYAMAN,75.02.01.2010,TANGKOBU
75.02,"KABUPATEN BOALEMO",75.02.01,PAGUYAMAN,75.02.01.2011,"BONGO TUA"
75.02,"KABUPATEN BOALEMO",75.02.01,PAGUYAMAN,75.02.01.2012,"KUALA LUMPUR"
75.02,"KABUPATEN BOALEMO",75.02.01,PAGUYAMAN,75.02.01.2013,MUSTIKA
75.02,"KABUPATEN BOALEMO",75.02.01,PAGUYAMAN,75.02.01.2014,TENILO
75.02,"KABUPATEN BOALEMO",75.02.01,PAGUYAMAN,75.02.01.2015,HUWONGO
75.02,"KABUPATEN BOALEMO",75.02.01,PAGUYAMAN,75.02.01.2016,"KARYA MURNI"
75.02,"KABUPATEN BOALEMO",75.02.01,PAGUYAMAN,75.02.01.2019,GIRISA
75.02,"KABUPATEN BOALEMO",75.02.01,PAGUYAMAN,75.02.01.2020,"BATU KRAMAT"
75.02,"KABUPATEN BOALEMO",75.02.01,PAGUYAMAN,75.02.01.2021,BUALO
75.02,"KABUPATEN BOALEMO",75.02.01,PAGUYAMAN,75.02.01.2022,SOSIAL
75.02,"KABUPATEN BOALEMO",75.02.01,PAGUYAMAN,75.02.01.2023,PERMATA
75.02,"KABUPATEN BOALEMO",75.02.01,PAGUYAMAN,75.02.01.2024,HULAWA
75.02,"KABUPATEN BOALEMO",75.02.01,PAGUYAMAN,75.02.01.2025,"BALATE JAYA"
75.02,"KABUPATEN BOALEMO",75.02.01,PAGUYAMAN,75.02.01.2026,REJONEGORO
75.02,"KABUPATEN BOALEMO",75.02.01,PAGUYAMAN,75.02.01.2027,DILOATO
75.02,"KABUPATEN BOALEMO",75.02.05,MANANGGU,75.02.05.2001,TABULO
75.02,"KABUPATEN BOALEMO",75.02.05,MANANGGU,75.02.05.2002,KAARUYAN
75.02,"KABUPATEN BOALEMO",75.02.05,MANANGGU,75.02.05.2003,SALILAMA
75.02,"KABUPATEN BOALEMO",75.02.05,MANANGGU,75.02.05.2004,BENDUNGAN
75.02,"KABUPATEN BOALEMO",75.02.05,MANANGGU,75.02.05.2005,MANANGGU
75.02,"KABUPATEN BOALEMO",75.02.05,MANANGGU,75.02.05.2006,BUTI
75.02,"KABUPATEN BOALEMO",75.02.05,MANANGGU,75.02.05.2007,PONTOLO
75.02,"KABUPATEN BOALEMO",75.02.05,MANANGGU,75.02.05.2008,KRAMAT
75.02,"KABUPATEN BOALEMO",75.02.05,MANANGGU,75.02.05.2009,"TABULO SELATAN"
75.02,"KABUPATEN BOALEMO",75.02.03,DULUPI,75.02.03.2001,DULUPI
75.02,"KABUPATEN BOALEMO",75.02.03,DULUPI,75.02.03.2002,TABONGO
75.02,"KABUPATEN BOALEMO",75.02.03,DULUPI,75.02.03.2003,KOTARAJA
75.02,"KABUPATEN BOALEMO",75.02.03,DULUPI,75.02.03.2004,POLOHUNGO
75.02,"KABUPATEN BOALEMO",75.02.03,DULUPI,75.02.03.2005,PANGI
75.02,"KABUPATEN BOALEMO",75.02.03,DULUPI,75.02.03.2006,"TANGGA JAYA"
75.02,"KABUPATEN BOALEMO",75.02.03,DULUPI,75.02.03.2007,"TANAH PUTIH"
75.02,"KABUPATEN BOALEMO",75.02.03,DULUPI,75.02.03.2008,"TANGGA BARITO"
75.02,"KABUPATEN BOALEMO",75.02.07,"PAGUYAMAN PANTAI",75.02.07.2001,BUBAA
75.02,"KABUPATEN BOALEMO",75.02.07,"PAGUYAMAN PANTAI",75.02.07.2002,LITO
75.02,"KABUPATEN BOALEMO",75.02.07,"PAGUYAMAN PANTAI",75.02.07.2003,LIMBATIHU
75.02,"KABUPATEN BOALEMO",75.02.07,"PAGUYAMAN PANTAI",75.02.07.2004,"BUKIT KARYA"
75.02,"KABUPATEN BOALEMO",75.02.07,"PAGUYAMAN PANTAI",75.02.07.2005,APITALAWU
75.02,"KABUPATEN BOALEMO",75.02.07,"PAGUYAMAN PANTAI",75.02.07.2006,BANGGA
75.02,"KABUPATEN BOALEMO",75.02.07,"PAGUYAMAN PANTAI",75.02.07.2007,TOWAYU
75.02,"KABUPATEN BOALEMO",75.02.07,"PAGUYAMAN PANTAI",75.02.07.2008,OLIBU
75.02,"KABUPATEN BOALEMO",75.02.06,BOTUMOITA,75.02.06.2001,TUTULO
75.02,"KABUPATEN BOALEMO",75.02.06,BOTUMOITA,75.02.06.2002,HUTAMONU
75.02,"KABUPATEN BOALEMO",75.02.06,BOTUMOITA,75.02.06.2003,PATOAMEME
75.02,"KABUPATEN BOALEMO",75.02.06,BOTUMOITA,75.02.06.2004,TAPADAA
75.02,"KABUPATEN BOALEMO",75.02.06,BOTUMOITA,75.02.06.2005,POTANGA
75.02,"KABUPATEN BOALEMO",75.02.06,BOTUMOITA,75.02.06.2006,BOTUMOITO
75.02,"KABUPATEN BOALEMO",75.02.06,BOTUMOITA,75.02.06.2007,BOLIHUTUO
75.02,"KABUPATEN BOALEMO",75.02.06,BOTUMOITA,75.02.06.2008,RUMBIA
75.02,"KABUPATEN BOALEMO",75.02.06,BOTUMOITA,75.02.06.2009,DULANGEYA
75.03,"KABUPATEN BONE BOLANGO",75.03.07,BOTUPINGGE,75.03.07.2001,TIMBUOLO
75.03,"KABUPATEN BONE BOLANGO",75.03.07,BOTUPINGGE,75.03.07.2002,PANGGULO
75.03,"KABUPATEN BONE BOLANGO",75.03.07,BOTUPINGGE,75.03.07.2003,LUWOHU
75.03,"KABUPATEN BONE BOLANGO",75.03.07,BOTUPINGGE,75.03.07.2004,BUATA
75.03,"KABUPATEN BONE BOLANGO",75.03.07,BOTUPINGGE,75.03.07.2005,"TIMBUOLO TIMUR"
75.03,"KABUPATEN BONE BOLANGO",75.03.07,BOTUPINGGE,75.03.07.2006,"TANAH PUTIH"
75.03,"KABUPATEN BONE BOLANGO",75.03.07,BOTUPINGGE,75.03.07.2007,"PANGGULO BARAT"
75.03,"KABUPATEN BONE BOLANGO",75.03.07,BOTUPINGGE,75.03.07.2008,"TIMBUOLO TENGAH"
75.03,"KABUPATEN BONE BOLANGO",75.03.07,BOTUPINGGE,75.03.07.2009,SUKMA
75.03,"KABUPATEN BONE BOLANGO",75.03.12,"SUWAWA SELATAN",75.03.12.2001,BULONTALA
75.03,"KABUPATEN BONE BOLANGO",75.03.12,"SUWAWA SELATAN",75.03.12.2002,LIBUNGO
75.03,"KABUPATEN BONE BOLANGO",75.03.12,"SUWAWA SELATAN",75.03.12.2003,MOLINTOGUPO
75.03,"KABUPATEN BONE BOLANGO",75.03.12,"SUWAWA SELATAN",75.03.12.2004,BONEDAA
75.03,"KABUPATEN BONE BOLANGO",75.03.12,"SUWAWA SELATAN",75.03.12.2005,BONDAWUNA
75.03,"KABUPATEN BONE BOLANGO",75.03.12,"SUWAWA SELATAN",75.03.12.2006,"BULONTALA TIMUR"
75.03,"KABUPATEN BONE BOLANGO",75.03.12,"SUWAWA SELATAN",75.03.12.2007,PANCURAN
75.03,"KABUPATEN BONE BOLANGO",75.03.12,"SUWAWA SELATAN",75.03.12.2008,BONDARAYA
75.03,"KABUPATEN BONE BOLANGO",75.03.08,"KABILA BONE",75.03.08.2001,HUANGOBOTU
75.03,"KABUPATEN BONE BOLANGO",75.03.08,"KABILA BONE",75.03.08.2002,MOLUTABU
75.03,"KABUPATEN BONE BOLANGO",75.03.08,"KABILA BONE",75.03.08.2003,OLUHUTA
75.03,"KABUPATEN BONE BOLANGO",75.03.08,"KABILA BONE",75.03.08.2004,OLELE
75.03,"KABUPATEN BONE BOLANGO",75.03.08,"KABILA BONE",75.03.08.2005,BOTUTONUO
75.03,"KABUPATEN BONE BOLANGO",75.03.08,"KABILA BONE",75.03.08.2006,MODELOMO
75.03,"KABUPATEN BONE BOLANGO",75.03.08,"KABILA BONE",75.03.08.2007,BILUANGO
75.03,"KABUPATEN BONE BOLANGO",75.03.08,"KABILA BONE",75.03.08.2008,BOTUBARANI
75.03,"KABUPATEN BONE BOLANGO",75.03.08,"KABILA BONE",75.03.08.2009,BINTALAHE
75.03,"KABUPATEN BONE BOLANGO",75.03.03,SUWAWA,75.03.03.2011,TINGKOHUBU
75.03,"KABUPATEN BONE BOLANGO",75.03.03,SUWAWA,75.03.03.2012,BOLUDAWA
75.03,"KABUPATEN BONE BOLANGO",75.03.03,SUWAWA,75.03.03.2013,BUBE
75.03,"KABUPATEN BONE BOLANGO",75.03.03,SUWAWA,75.03.03.2014,HULUDUOTAMO
75.03,"KABUPATEN BONE BOLANGO",75.03.03,SUWAWA,75.03.03.2020,ULANTA
75.03,"KABUPATEN BONE BOLANGO",75.03.03,SUWAWA,75.03.03.2021,TINELO
75.03,"KABUPATEN BONE BOLANGO",75.03.03,SUWAWA,75.03.03.2022,BUBEYA
75.03,"KABUPATEN BONE BOLANGO",75.03.03,SUWAWA,75.03.03.2023,"BUBE BARU"
75.03,"KABUPATEN BONE BOLANGO",75.03.03,SUWAWA,75.03.03.2027,"TINGKOHUBU TIMUR"
75.03,"KABUPATEN BONE BOLANGO",75.03.03,SUWAWA,75.03.03.2028,HELUMO
75.03,"KABUPATEN BONE BOLANGO",75.03.01,TAPA,75.03.01.2004,TALUMOPATU
75.03,"KABUPATEN BONE BOLANGO",75.03.01,TAPA,75.03.01.2005,TALULOBUTU
75.03,"KABUPATEN BONE BOLANGO",75.03.01,TAPA,75.03.01.2006,DUNGGALA
75.03,"KABUPATEN BONE BOLANGO",75.03.01,TAPA,75.03.01.2007,LANGGE
75.03,"KABUPATEN BONE BOLANGO",75.03.01,TAPA,75.03.01.2027,"TALULOBUTU SELATAN"
75.03,"KABUPATEN BONE BOLANGO",75.03.01,TAPA,75.03.01.2028,KERAMAT
75.03,"KABUPATEN BONE BOLANGO",75.03.01,TAPA,75.03.01.2029,MERANTI
75.03,"KABUPATEN BONE BOLANGO",75.03.06,TILONGKABILA,75.03.06.2001,BONGOIME
75.03,"KABUPATEN BONE BOLANGO",75.03.06,TILONGKABILA,75.03.06.2002,BONGOPINI
75.03,"KABUPATEN BONE BOLANGO",75.03.06,TILONGKABILA,75.03.06.2003,"TOTO UTARA"
75.03,"KABUPATEN BONE BOLANGO",75.03.06,TILONGKABILA,75.03.06.2004,MOUTONG
75.03,"KABUPATEN BONE BOLANGO",75.03.06,TILONGKABILA,75.03.06.2005,TUNGGULO
75.03,"KABUPATEN BONE BOLANGO",75.03.06,TILONGKABILA,75.03.06.2006,LONUO
75.03,"KABUPATEN BONE BOLANGO",75.03.06,TILONGKABILA,75.03.06.2007,TAMBOO
75.03,"KABUPATEN BONE BOLANGO",75.03.06,TILONGKABILA,75.03.06.2008,ILOHELUMA
75.03,"KABUPATEN BONE BOLANGO",75.03.06,TILONGKABILA,75.03.06.2009,MOTILANGO
75.03,"KABUPATEN BONE BOLANGO",75.03.06,TILONGKABILA,75.03.06.2010,BUTU
75.03,"KABUPATEN BONE BOLANGO",75.03.06,TILONGKABILA,75.03.06.2011,PERMATA
75.03,"KABUPATEN BONE BOLANGO",75.03.06,TILONGKABILA,75.03.06.2012,"TUNGGULO SELATAN"
75.03,"KABUPATEN BONE BOLANGO",75.03.06,TILONGKABILA,75.03.06.2013,BONGOHULAWA
75.03,"KABUPATEN BONE BOLANGO",75.03.06,TILONGKABILA,75.03.06.2014,BERLIAN
75.03,"KABUPATEN BONE BOLANGO",75.03.15,"BULANGO SELATAN",75.03.15.2001,"AYULA SELATAN"
75.03,"KABUPATEN BONE BOLANGO",75.03.15,"BULANGO SELATAN",75.03.15.2002,"HUNTU UTARA"
75.03,"KABUPATEN BONE BOLANGO",75.03.15,"BULANGO SELATAN",75.03.15.2003,"AYULA UTARA"
75.03,"KABUPATEN BONE BOLANGO",75.03.15,"BULANGO SELATAN",75.03.15.2004,"HUNTU SELATAN"
75.03,"KABUPATEN BONE BOLANGO",75.03.15,"BULANGO SELATAN",75.03.15.2006,"AYULA TILANGO"
75.03,"KABUPATEN BONE BOLANGO",75.03.15,"BULANGO SELATAN",75.03.15.2007,"AYULA TIMUR"
75.03,"KABUPATEN BONE BOLANGO",75.03.15,"BULANGO SELATAN",75.03.15.2008,LAMAHU
75.03,"KABUPATEN BONE BOLANGO",75.03.15,"BULANGO SELATAN",75.03.15.2009,"TINELO AYULA"
75.03,"KABUPATEN BONE BOLANGO",75.03.15,"BULANGO SELATAN",75.03.15.2010,SEJAHTERA
75.03,"KABUPATEN BONE BOLANGO",75.03.15,"BULANGO SELATAN",75.03.15.2011,"HUNTU BARAT"
75.03,"KABUPATEN BONE BOLANGO",75.03.10,"BONE RAYA",75.03.10.2001,INOMATA
75.03,"KABUPATEN BONE BOLANGO",75.03.10,"BONE RAYA",75.03.10.2003,TUMBULILATO
75.03,"KABUPATEN BONE BOLANGO",75.03.10,"BONE RAYA",75.03.10.2004,MOOTAYU
75.03,"KABUPATEN BONE BOLANGO",75.03.10,"BONE RAYA",75.03.10.2006,MOOTINELO
75.03,"KABUPATEN BONE BOLANGO",75.03.10,"BONE RAYA",75.03.10.2009,"PELITA JAYA"
75.03,"KABUPATEN BONE BOLANGO",75.03.10,"BONE RAYA",75.03.10.2010,MOOPIYA
75.03,"KABUPATEN BONE BOLANGO",75.03.10,"BONE RAYA",75.03.10.2011,ALO
75.03,"KABUPATEN BONE BOLANGO",75.03.10,"BONE RAYA",75.03.10.2012,"LAUT BIRU"
75.03,"KABUPATEN BONE BOLANGO",75.03.10,"BONE RAYA",75.03.10.2014,BUNGA
75.03,"KABUPATEN BONE BOLANGO",75.03.10,"BONE RAYA",75.03.10.2015,MOOTAWA
75.03,"KABUPATEN BONE BOLANGO",75.03.05,"BULANGO UTARA",75.03.05.2001,BOIDU
75.03,"KABUPATEN BONE BOLANGO",75.03.05,"BULANGO UTARA",75.03.05.2002,BANDUNGAN
75.03,"KABUPATEN BONE BOLANGO",75.03.05,"BULANGO UTARA",75.03.05.2003,TUPA
75.03,"KABUPATEN BONE BOLANGO",75.03.05,"BULANGO UTARA",75.03.05.2004,LONGALO
75.03,"KABUPATEN BONE BOLANGO",75.03.05,"BULANGO UTARA",75.03.05.2009,TULOA
75.03,"KABUPATEN BONE BOLANGO",75.03.05,"BULANGO UTARA",75.03.05.2010,KOPI
75.03,"KABUPATEN BONE BOLANGO",75.03.05,"BULANGO UTARA",75.03.05.2011,LOMAYA
75.03,"KABUPATEN BONE BOLANGO",75.03.05,"BULANGO UTARA",75.03.05.2012,"SUKA DAMAI"
75.03,"KABUPATEN BONE BOLANGO",75.03.05,"BULANGO UTARA",75.03.05.2015,BUNUO
75.03,"KABUPATEN BONE BOLANGO",75.03.02,KABILA,75.03.02.1008,PADENGO
75.03,"KABUPATEN BONE BOLANGO",75.03.02,KABILA,75.03.02.1009,OLOHUTA
75.03,"KABUPATEN BONE BOLANGO",75.03.02,KABILA,75.03.02.1010,TUMBIHE
75.03,"KABUPATEN BONE BOLANGO",75.03.02,KABILA,75.03.02.1011,PAUWO
75.03,"KABUPATEN BONE BOLANGO",75.03.02,KABILA,75.03.02.1028,"OLOHUTA UTARA"
75.03,"KABUPATEN BONE BOLANGO",75.03.02,KABILA,75.03.02.2006,DUTOHE
75.03,"KABUPATEN BONE BOLANGO",75.03.02,KABILA,75.03.02.2007,TANGGILINGO
75.03,"KABUPATEN BONE BOLANGO",75.03.02,KABILA,75.03.02.2012,"TOTO SELATAN"
75.03,"KABUPATEN BONE BOLANGO",75.03.02,KABILA,75.03.02.2013,POOWO
75.03,"KABUPATEN BONE BOLANGO",75.03.02,KABILA,75.03.02.2024,TALANGO
75.03,"KABUPATEN BONE BOLANGO",75.03.02,KABILA,75.03.02.2026,"POOWO BARAT"
75.03,"KABUPATEN BONE BOLANGO",75.03.02,KABILA,75.03.02.2029,"DUTOHE BARAT"
75.03,"KABUPATEN BONE BOLANGO",75.03.09,BONE,75.03.09.2001,TALUDAA
75.03,"KABUPATEN BONE BOLANGO",75.03.09,BONE,75.03.09.2002,SOGITIA
75.03,"KABUPATEN BONE BOLANGO",75.03.09,BONE,75.03.09.2003,MOODULIO
75.03,"KABUPATEN BONE BOLANGO",75.03.09,BONE,75.03.09.2004,BILONLANTUNGA
75.03,"KABUPATEN BONE BOLANGO",75.03.09,BONE,75.03.09.2005,INOGALUMA
75.03,"KABUPATEN BONE BOLANGO",75.03.09,BONE,75.03.09.2006,MONANO
75.03,"KABUPATEN BONE BOLANGO",75.03.09,BONE,75.03.09.2007,"TUMBUH MEKAR"
75.03,"KABUPATEN BONE BOLANGO",75.03.09,BONE,75.03.09.2008,MOLAMAHU
75.03,"KABUPATEN BONE BOLANGO",75.03.09,BONE,75.03.09.2009,MASIAGA
75.03,"KABUPATEN BONE BOLANGO",75.03.09,BONE,75.03.09.2010,ILOHUUWA
75.03,"KABUPATEN BONE BOLANGO",75.03.09,BONE,75.03.09.2011,"MUARA BONE"
75.03,"KABUPATEN BONE BOLANGO",75.03.09,BONE,75.03.09.2012,"CENDANA PUTIH"
75.03,"KABUPATEN BONE BOLANGO",75.03.09,BONE,75.03.09.2013,WALUHU
75.03,"KABUPATEN BONE BOLANGO",75.03.09,BONE,75.03.09.2014,PERMATA
75.03,"KABUPATEN BONE BOLANGO",75.03.13,"SUWAWA TENGAH",75.03.13.2001,LOMPOTOO
75.03,"KABUPATEN BONE BOLANGO",75.03.13,"SUWAWA TENGAH",75.03.13.2002,LOMBONGO
75.03,"KABUPATEN BONE BOLANGO",75.03.13,"SUWAWA TENGAH",75.03.13.2003,DUANO
75.03,"KABUPATEN BONE BOLANGO",75.03.13,"SUWAWA TENGAH",75.03.13.2004,TOLOMATO
75.03,"KABUPATEN BONE BOLANGO",75.03.13,"SUWAWA TENGAH",75.03.13.2005,ALALE
75.03,"KABUPATEN BONE BOLANGO",75.03.13,"SUWAWA TENGAH",75.03.13.2006,TAPADAA
75.03,"KABUPATEN BONE BOLANGO",75.03.17,BULAWA,75.03.17.2001,MAMUNGAA
75.03,"KABUPATEN BONE BOLANGO",75.03.17,BULAWA,75.03.17.2002,"KAIDUNDU BARAT"
75.03,"KABUPATEN BONE BOLANGO",75.03.17,BULAWA,75.03.17.2003,MOPUYA
75.03,"KABUPATEN BONE BOLANGO",75.03.17,BULAWA,75.03.17.2004,KAIDUNDU
75.03,"KABUPATEN BONE BOLANGO",75.03.17,BULAWA,75.03.17.2005,"BUKIT HIJAU"
75.03,"KABUPATEN BONE BOLANGO",75.03.17,BULAWA,75.03.17.2006,"MAMUNGAA TIMUR"
75.03,"KABUPATEN BONE BOLANGO",75.03.17,BULAWA,75.03.17.2007,DUNGGILATA
75.03,"KABUPATEN BONE BOLANGO",75.03.17,BULAWA,75.03.17.2008,PINOMOTIGA
75.03,"KABUPATEN BONE BOLANGO",75.03.17,BULAWA,75.03.17.2009,PATOA
75.03,"KABUPATEN BONE BOLANGO",75.03.11,"SUWAWA TIMUR",75.03.11.2001,TULABOLO
75.03,"KABUPATEN BONE BOLANGO",75.03.11,"SUWAWA TIMUR",75.03.11.2003,"DUMBAYA BULAN"
75.03,"KABUPATEN BONE BOLANGO",75.03.11,"SUWAWA TIMUR",75.03.11.2004,"TULABOLO TIMUR"
75.03,"KABUPATEN BONE BOLANGO",75.03.11,"SUWAWA TIMUR",75.03.11.2005,TILANGOBULA
75.03,"KABUPATEN BONE BOLANGO",75.03.11,"SUWAWA TIMUR",75.03.11.2007,PODUWOMA
75.03,"KABUPATEN BONE BOLANGO",75.03.11,"SUWAWA TIMUR",75.03.11.2008,PANGGULO
75.03,"KABUPATEN BONE BOLANGO",75.03.11,"SUWAWA TIMUR",75.03.11.2009,"TULABOLO BARAT"
75.03,"KABUPATEN BONE BOLANGO",75.03.11,"SUWAWA TIMUR",75.03.11.2010,PANGI
75.03,"KABUPATEN BONE BOLANGO",75.03.11,"SUWAWA TIMUR",75.03.11.2011,TINEMBA
75.03,"KABUPATEN BONE BOLANGO",75.03.04,BONEPANTAI,75.03.04.2003,TAMBOO
75.03,"KABUPATEN BONE BOLANGO",75.03.04,BONEPANTAI,75.03.04.2004,BILUNGALA
75.03,"KABUPATEN BONE BOLANGO",75.03.04,BONEPANTAI,75.03.04.2005,UABANGA
75.03,"KABUPATEN BONE BOLANGO",75.03.04,BONEPANTAI,75.03.04.2008,TOLOTIO
75.03,"KABUPATEN BONE BOLANGO",75.03.04,BONEPANTAI,75.03.04.2012,TONGO
75.03,"KABUPATEN BONE BOLANGO",75.03.04,BONEPANTAI,75.03.04.2025,"BILUNGALA UTARA"
75.03,"KABUPATEN BONE BOLANGO",75.03.04,BONEPANTAI,75.03.04.2026,TIHU
75.03,"KABUPATEN BONE BOLANGO",75.03.04,BONEPANTAI,75.03.04.2027,"TUNAS JAYA"
75.03,"KABUPATEN BONE BOLANGO",75.03.04,BONEPANTAI,75.03.04.2028,"LEMBAH HIJAU"
75.03,"KABUPATEN BONE BOLANGO",75.03.04,BONEPANTAI,75.03.04.2029,"BATU HIJAU"
75.03,"KABUPATEN BONE BOLANGO",75.03.04,BONEPANTAI,75.03.04.2031,"OMBULO HIJAU"
75.03,"KABUPATEN BONE BOLANGO",75.03.04,BONEPANTAI,75.03.04.2032,KEMIRI
75.03,"KABUPATEN BONE BOLANGO",75.03.04,BONEPANTAI,75.03.04.2033,"PELITA HIJAU"
75.03,"KABUPATEN BONE BOLANGO",75.03.14,"BULANGO ULU",75.03.14.2001,MONGIILO
75.03,"KABUPATEN BONE BOLANGO",75.03.14,"BULANGO ULU",75.03.14.2002,OWATA
75.03,"KABUPATEN BONE BOLANGO",75.03.14,"BULANGO ULU",75.03.14.2003,"MONGIILO UTARA"
75.03,"KABUPATEN BONE BOLANGO",75.03.14,"BULANGO ULU",75.03.14.2004,PILOLAHEYA
75.03,"KABUPATEN BONE BOLANGO",75.03.14,"BULANGO ULU",75.03.14.2005,ILOMATA
75.03,"KABUPATEN BONE BOLANGO",75.03.14,"BULANGO ULU",75.03.14.2006,"SUKA MAKMUR"
75.03,"KABUPATEN BONE BOLANGO",75.03.16,"BULANGO TIMUR",75.03.16.2001,BULOTALANGI
75.03,"KABUPATEN BONE BOLANGO",75.03.16,"BULANGO TIMUR",75.03.16.2002,TOLUWAYA
75.03,"KABUPATEN BONE BOLANGO",75.03.16,"BULANGO TIMUR",75.03.16.2003,POPODU
75.03,"KABUPATEN BONE BOLANGO",75.03.16,"BULANGO TIMUR",75.03.16.2004,"BULOTALANGI TIMUR"
75.03,"KABUPATEN BONE BOLANGO",75.03.16,"BULANGO TIMUR",75.03.16.2005,"BULOTALANGI BARAT"
75.03,"KABUPATEN BONE BOLANGO",75.03.18,PINOGU,75.03.18.2001,PINOGU
75.03,"KABUPATEN BONE BOLANGO",75.03.18,PINOGU,75.03.18.2002,BANGIO
75.03,"KABUPATEN BONE BOLANGO",75.03.18,PINOGU,75.03.18.2003,"DATARAN HIJAU"
75.03,"KABUPATEN BONE BOLANGO",75.03.18,PINOGU,75.03.18.2004,"PINOGU PERMAI"
75.03,"KABUPATEN BONE BOLANGO",75.03.18,PINOGU,75.03.18.2005,TILONGGIBILA
75.04,"KABUPATEN PAHUWATO",75.04.05,PAGUAT,75.04.05.1001,LIBUO
75.04,"KABUPATEN PAHUWATO",75.04.05,PAGUAT,75.04.05.1002,PENTADU
75.04,"KABUPATEN PAHUWATO",75.04.05,PAGUAT,75.04.05.1003,SIDUAN
75.04,"KABUPATEN PAHUWATO",75.04.05,PAGUAT,75.04.05.2004,BUNUYO
75.04,"KABUPATEN PAHUWATO",75.04.05,PAGUAT,75.04.05.2005,SIPAYO
75.04,"KABUPATEN PAHUWATO",75.04.05,PAGUAT,75.04.05.2006,SOGINTI
75.04,"KABUPATEN PAHUWATO",75.04.05,PAGUAT,75.04.05.2010,BUMBULAN
75.04,"KABUPATEN PAHUWATO",75.04.05,PAGUAT,75.04.05.2012,MALEO
75.04,"KABUPATEN PAHUWATO",75.04.05,PAGUAT,75.04.05.2013,MOLAMAHU
75.04,"KABUPATEN PAHUWATO",75.04.05,PAGUAT,75.04.05.2014,"BUHU JAYA"
75.04,"KABUPATEN PAHUWATO",75.04.05,PAGUAT,75.04.05.2015,KEMIRI
75.04,"KABUPATEN PAHUWATO",75.04.12,"POPAYATO TIMUR",75.04.12.2001,MILANGODAA
75.04,"KABUPATEN PAHUWATO",75.04.12,"POPAYATO TIMUR",75.04.12.2002,LONDOUN
75.04,"KABUPATEN PAHUWATO",75.04.12,"POPAYATO TIMUR",75.04.12.2003,MARISA
75.04,"KABUPATEN PAHUWATO",75.04.12,"POPAYATO TIMUR",75.04.12.2004,TAHELE
75.04,"KABUPATEN PAHUWATO",75.04.12,"POPAYATO TIMUR",75.04.12.2005,BUNTO
75.04,"KABUPATEN PAHUWATO",75.04.12,"POPAYATO TIMUR",75.04.12.2006,MALEO
75.04,"KABUPATEN PAHUWATO",75.04.12,"POPAYATO TIMUR",75.04.12.2007,"KELAPA LIMA"
75.04,"KABUPATEN PAHUWATO",75.04.13,"POPAYATO BARAT",75.04.13.2001,DUDEWULO
75.04,"KABUPATEN PAHUWATO",75.04.13,"POPAYATO BARAT",75.04.13.2002,"TUNAS JAYA"
75.04,"KABUPATEN PAHUWATO",75.04.13,"POPAYATO BARAT",75.04.13.2003,PADENGO
75.04,"KABUPATEN PAHUWATO",75.04.13,"POPAYATO BARAT",75.04.13.2004,MOLOSIFAT
75.04,"KABUPATEN PAHUWATO",75.04.13,"POPAYATO BARAT",75.04.13.2005,BUTUNGALE
75.04,"KABUPATEN PAHUWATO",75.04.13,"POPAYATO BARAT",75.04.13.2006,PERSATUAN
75.04,"KABUPATEN PAHUWATO",75.04.13,"POPAYATO BARAT",75.04.13.2007,"MOLOSIFAT UTARA"
75.04,"KABUPATEN PAHUWATO",75.04.01,POPAYATO,75.04.01.2003,"TOROSIAJE JAYA"
75.04,"KABUPATEN PAHUWATO",75.04.01,POPAYATO,75.04.01.2004,POPAYATO
75.04,"KABUPATEN PAHUWATO",75.04.01,POPAYATO,75.04.01.2008,TELAGA
75.04,"KABUPATEN PAHUWATO",75.04.01,POPAYATO,75.04.01.2012,TOROSIAJE
75.04,"KABUPATEN PAHUWATO",75.04.01,POPAYATO,75.04.01.2015,"BUKIT TINGKI"
75.04,"KABUPATEN PAHUWATO",75.04.01,POPAYATO,75.04.01.2016,"TUNAS HARAPAN"
75.04,"KABUPATEN PAHUWATO",75.04.01,POPAYATO,75.04.01.2017,TRIKORA
75.04,"KABUPATEN PAHUWATO",75.04.01,POPAYATO,75.04.01.2018,DAMBALO
75.04,"KABUPATEN PAHUWATO",75.04.01,POPAYATO,75.04.01.2019,"TELAGA BIRU"
75.04,"KABUPATEN PAHUWATO",75.04.01,POPAYATO,75.04.01.2020,"BUMI BAHARI"
75.04,"KABUPATEN PAHUWATO",75.04.04,MARISA,75.04.04.2003,"MARISA SELATAN"
75.04,"KABUPATEN PAHUWATO",75.04.04,MARISA,75.04.04.2004,"MARISA UTARA"
75.04,"KABUPATEN PAHUWATO",75.04.04,MARISA,75.04.04.2007,TERATAI
75.04,"KABUPATEN PAHUWATO",75.04.04,MARISA,75.04.04.2008,POHUWATO
75.04,"KABUPATEN PAHUWATO",75.04.04,MARISA,75.04.04.2015,BATUBILOTAHU
75.04,"KABUPATEN PAHUWATO",75.04.04,MARISA,75.04.04.2016,PALOPO
75.04,"KABUPATEN PAHUWATO",75.04.04,MARISA,75.04.04.2017,"POHUWATO TIMUR"
75.04,"KABUPATEN PAHUWATO",75.04.04,MARISA,75.04.04.2018,BULANGITA
75.04,"KABUPATEN PAHUWATO",75.04.11,WANGGARASI,75.04.11.2001,"WANGGARASI TIMUR"
75.04,"KABUPATEN PAHUWATO",75.04.11,WANGGARASI,75.04.11.2002,"BUKIT HARAPAN"
75.04,"KABUPATEN PAHUWATO",75.04.11,WANGGARASI,75.04.11.2003,BOHUSAMI
75.04,"KABUPATEN PAHUWATO",75.04.11,WANGGARASI,75.04.11.2004,"LEMBAH PERMAI"
75.04,"KABUPATEN PAHUWATO",75.04.11,WANGGARASI,75.04.11.2005,LIMBULA
75.04,"KABUPATEN PAHUWATO",75.04.11,WANGGARASI,75.04.11.2006,YIPILO
75.04,"KABUPATEN PAHUWATO",75.04.11,WANGGARASI,75.04.11.2007,TUWEYA
75.04,"KABUPATEN PAHUWATO",75.04.10,DUHIADAA,75.04.10.2001,BULILI
75.04,"KABUPATEN PAHUWATO",75.04.10,DUHIADAA,75.04.10.2002,"BUNTULIA BARAT"
75.04,"KABUPATEN PAHUWATO",75.04.10,DUHIADAA,75.04.10.2003,"BUNTULIA SELATAN"
75.04,"KABUPATEN PAHUWATO",75.04.10,DUHIADAA,75.04.10.2004,DUHIADAA
75.04,"KABUPATEN PAHUWATO",75.04.10,DUHIADAA,75.04.10.2005,"MEKAR JAYA"
75.04,"KABUPATEN PAHUWATO",75.04.10,DUHIADAA,75.04.10.2006,"BUNTULIA JAYA"
75.04,"KABUPATEN PAHUWATO",75.04.10,DUHIADAA,75.04.10.2007,PADENGO
75.04,"KABUPATEN PAHUWATO",75.04.10,DUHIADAA,75.04.10.2008,MOOTILANGO
75.04,"KABUPATEN PAHUWATO",75.04.09,BUNTULIA,75.04.09.2001,HULAWA
75.04,"KABUPATEN PAHUWATO",75.04.09,BUNTULIA,75.04.09.2002,"KARYA INDAH"
75.04,"KABUPATEN PAHUWATO",75.04.09,BUNTULIA,75.04.09.2003,TALUDUYUNU
75.04,"KABUPATEN PAHUWATO",75.04.09,BUNTULIA,75.04.09.2004,"BUNTULIA UTARA"
75.04,"KABUPATEN PAHUWATO",75.04.09,BUNTULIA,75.04.09.2005,"BUNTULIA TENGAH"
75.04,"KABUPATEN PAHUWATO",75.04.09,BUNTULIA,75.04.09.2006,"TALUDUYUNU UTARA"
75.04,"KABUPATEN PAHUWATO",75.04.09,BUNTULIA,75.04.09.2007,SIPATANA
75.04,"KABUPATEN PAHUWATO",75.04.03,RANDANGAN,75.04.03.2001,MOTOLOHU
75.04,"KABUPATEN PAHUWATO",75.04.03,RANDANGAN,75.04.03.2002,IMBODU
75.04,"KABUPATEN PAHUWATO",75.04.03,RANDANGAN,75.04.03.2003,"MANUNGGAL KARYA"
75.04,"KABUPATEN PAHUWATO",75.04.03,RANDANGAN,75.04.03.2004,SIDORUKUN
75.04,"KABUPATEN PAHUWATO",75.04.03,RANDANGAN,75.04.03.2008,SARIMURNI
75.04,"KABUPATEN PAHUWATO",75.04.03,RANDANGAN,75.04.03.2009,HUYULA
75.04,"KABUPATEN PAHUWATO",75.04.03,RANDANGAN,75.04.03.2012,OMAYUWA
75.04,"KABUPATEN PAHUWATO",75.04.03,RANDANGAN,75.04.03.2013,AYULA
75.04,"KABUPATEN PAHUWATO",75.04.03,RANDANGAN,75.04.03.2014,PATUHU
75.04,"KABUPATEN PAHUWATO",75.04.03,RANDANGAN,75.04.03.2015,BANUROJA
75.04,"KABUPATEN PAHUWATO",75.04.03,RANDANGAN,75.04.03.2016,PELAMBANE
75.04,"KABUPATEN PAHUWATO",75.04.03,RANDANGAN,75.04.03.2017,"MOTOLOHU SELATAN"
75.04,"KABUPATEN PAHUWATO",75.04.03,RANDANGAN,75.04.03.2018,SIDOWONGE
75.04,"KABUPATEN PAHUWATO",75.04.07,TALUDITI,75.04.07.2001,"PANCAKARSA I"
75.04,"KABUPATEN PAHUWATO",75.04.07,TALUDITI,75.04.07.2002,"PANCAKARSA II"
75.04,"KABUPATEN PAHUWATO",75.04.07,TALUDITI,75.04.07.2003,"MAKARTI JAYA"
75.04,"KABUPATEN PAHUWATO",75.04.07,TALUDITI,75.04.07.2004,KALIMAS
75.04,"KABUPATEN PAHUWATO",75.04.07,TALUDITI,75.04.07.2005,MALANGO
75.04,"KABUPATEN PAHUWATO",75.04.07,TALUDITI,75.04.07.2006,"PUNCAK JAYA"
75.04,"KABUPATEN PAHUWATO",75.04.07,TALUDITI,75.04.07.2007,"TIRTO ASRI"
75.04,"KABUPATEN PAHUWATO",75.04.08,DENGILO,75.04.08.2001,POPAYA
75.04,"KABUPATEN PAHUWATO",75.04.08,DENGILO,75.04.08.2002,"KARYA BARU"
75.04,"KABUPATEN PAHUWATO",75.04.08,DENGILO,75.04.08.2003,KARANGETAN
75.04,"KABUPATEN PAHUWATO",75.04.08,DENGILO,75.04.08.2004,PADENGO
75.04,"KABUPATEN PAHUWATO",75.04.08,DENGILO,75.04.08.2005,HUTAMOPUTI
75.04,"KABUPATEN PAHUWATO",75.04.06,PATILANGGIO,75.04.06.2001,ILOHELUMA
75.04,"KABUPATEN PAHUWATO",75.04.06,PATILANGGIO,75.04.06.2002,BALAYO
75.04,"KABUPATEN PAHUWATO",75.04.06,PATILANGGIO,75.04.06.2003,"SUKA MAKMUR"
75.04,"KABUPATEN PAHUWATO",75.04.06,PATILANGGIO,75.04.06.2004,MANAWA
75.04,"KABUPATEN PAHUWATO",75.04.06,PATILANGGIO,75.04.06.2005,DULOMO
75.04,"KABUPATEN PAHUWATO",75.04.06,PATILANGGIO,75.04.06.2006,DUDEPO
75.04,"KABUPATEN PAHUWATO",75.04.02,LEMITO,75.04.02.2001,LEMITO
75.04,"KABUPATEN PAHUWATO",75.04.02,LEMITO,75.04.02.2002,"WONGGARASI BARAT"
75.04,"KABUPATEN PAHUWATO",75.04.02,LEMITO,75.04.02.2004,LOMULI
75.04,"KABUPATEN PAHUWATO",75.04.02,LEMITO,75.04.02.2008,"LEMITO UTARA"
75.04,"KABUPATEN PAHUWATO",75.04.02,LEMITO,75.04.02.2009,KENARI
75.04,"KABUPATEN PAHUWATO",75.04.02,LEMITO,75.04.02.2010,"WONGGARASI TENGAH"
75.04,"KABUPATEN PAHUWATO",75.04.02,LEMITO,75.04.02.2011,"SUKA DAMAI"
75.04,"KABUPATEN PAHUWATO",75.04.02,LEMITO,75.04.02.2012,BABALONGE
75.05,"KABUPATEN GORONTALO UTARA",75.05.03,ANGGREK,75.05.03.2001,ILANGATA
75.05,"KABUPATEN GORONTALO UTARA",75.05.03,ANGGREK,75.05.03.2002,TOLONGIO
75.05,"KABUPATEN GORONTALO UTARA",75.05.03,ANGGREK,75.05.03.2006,TOLANGO
75.05,"KABUPATEN GORONTALO UTARA",75.05.03,ANGGREK,75.05.03.2007,POPALO
75.05,"KABUPATEN GORONTALO UTARA",75.05.03,ANGGREK,75.05.03.2008,DUDEPO
75.05,"KABUPATEN GORONTALO UTARA",75.05.03,ANGGREK,75.05.03.2009,MOOTILANGO
75.05,"KABUPATEN GORONTALO UTARA",75.05.03,ANGGREK,75.05.03.2011,LANGGE
75.05,"KABUPATEN GORONTALO UTARA",75.05.03,ANGGREK,75.05.03.2012,TUTUWOTO
75.05,"KABUPATEN GORONTALO UTARA",75.05.03,ANGGREK,75.05.03.2013,HIYALOOILE
75.05,"KABUPATEN GORONTALO UTARA",75.05.03,ANGGREK,75.05.03.2014,IBARAT
75.05,"KABUPATEN GORONTALO UTARA",75.05.03,ANGGREK,75.05.03.2017,ILOHELUMA
75.05,"KABUPATEN GORONTALO UTARA",75.05.03,ANGGREK,75.05.03.2021,ILODULUNGA
75.05,"KABUPATEN GORONTALO UTARA",75.05.03,ANGGREK,75.05.03.2023,PUTIANA
75.05,"KABUPATEN GORONTALO UTARA",75.05.03,ANGGREK,75.05.03.2024,HELUMA
75.05,"KABUPATEN GORONTALO UTARA",75.05.03,ANGGREK,75.05.03.2025,DATAHU
75.05,"KABUPATEN GORONTALO UTARA",75.05.01,ATINGGOLA,75.05.01.2003,IMANA
75.05,"KABUPATEN GORONTALO UTARA",75.05.01,ATINGGOLA,75.05.01.2004,BINTANA
75.05,"KABUPATEN GORONTALO UTARA",75.05.01,ATINGGOLA,75.05.01.2005,BUATA
75.05,"KABUPATEN GORONTALO UTARA",75.05.01,ATINGGOLA,75.05.01.2006,PINONTOYONGA
75.05,"KABUPATEN GORONTALO UTARA",75.05.01,ATINGGOLA,75.05.01.2007,MONGGUPO
75.05,"KABUPATEN GORONTALO UTARA",75.05.01,ATINGGOLA,75.05.01.2008,KOTAJIN
75.05,"KABUPATEN GORONTALO UTARA",75.05.01,ATINGGOLA,75.05.01.2011,ILOMATA
75.05,"KABUPATEN GORONTALO UTARA",75.05.01,ATINGGOLA,75.05.01.2013,ILOHELUMA
75.05,"KABUPATEN GORONTALO UTARA",75.05.01,ATINGGOLA,75.05.01.2014,WAPALO
75.05,"KABUPATEN GORONTALO UTARA",75.05.01,ATINGGOLA,75.05.01.2015,POSONO
75.05,"KABUPATEN GORONTALO UTARA",75.05.01,ATINGGOLA,75.05.01.2016,SIGASO
75.05,"KABUPATEN GORONTALO UTARA",75.05.01,ATINGGOLA,75.05.01.2017,TOMBULILATO
75.05,"KABUPATEN GORONTALO UTARA",75.05.01,ATINGGOLA,75.05.01.2018,"KOTAJIN UTARA"
75.05,"KABUPATEN GORONTALO UTARA",75.05.01,ATINGGOLA,75.05.01.2019,OLUHUTA
75.05,"KABUPATEN GORONTALO UTARA",75.05.05,TOLINGGULA,75.05.05.2001,"TOLINGGULA TENGAH"
75.05,"KABUPATEN GORONTALO UTARA",75.05.05,TOLINGGULA,75.05.05.2002,"TOLINGGULA PANTAI"
75.05,"KABUPATEN GORONTALO UTARA",75.05.05,TOLINGGULA,75.05.05.2003,"TOLINGGULA ULU"
75.05,"KABUPATEN GORONTALO UTARA",75.05.05,TOLINGGULA,75.05.05.2006,LIMBATO
75.05,"KABUPATEN GORONTALO UTARA",75.05.05,TOLINGGULA,75.05.05.2007,PAPULANGI
75.05,"KABUPATEN GORONTALO UTARA",75.05.05,TOLINGGULA,75.05.05.2008,MOLANGGA
75.05,"KABUPATEN GORONTALO UTARA",75.05.05,TOLINGGULA,75.05.05.2011,"CEMPAKA PUTIH"
75.05,"KABUPATEN GORONTALO UTARA",75.05.05,TOLINGGULA,75.05.05.2014,"TOLITE JAYA"
75.05,"KABUPATEN GORONTALO UTARA",75.05.05,TOLINGGULA,75.05.05.2017,ILOMANGGA
75.05,"KABUPATEN GORONTALO UTARA",75.05.05,TOLINGGULA,75.05.05.2018,ILOTUNGGULO
75.05,"KABUPATEN GORONTALO UTARA",75.05.06,"GENTUMA RAYA",75.05.06.2001,GENTUMA
75.05,"KABUPATEN GORONTALO UTARA",75.05.06,"GENTUMA RAYA",75.05.06.2002,DUMOLODO
75.05,"KABUPATEN GORONTALO UTARA",75.05.06,"GENTUMA RAYA",75.05.06.2003,MOLONGGOTA
75.05,"KABUPATEN GORONTALO UTARA",75.05.06,"GENTUMA RAYA",75.05.06.2004,IPILO
75.05,"KABUPATEN GORONTALO UTARA",75.05.06,"GENTUMA RAYA",75.05.06.2005,LANGKE
75.05,"KABUPATEN GORONTALO UTARA",75.05.06,"GENTUMA RAYA",75.05.06.2006,PASALAE
75.05,"KABUPATEN GORONTALO UTARA",75.05.06,"GENTUMA RAYA",75.05.06.2007,"NANATI JAYA"
75.05,"KABUPATEN GORONTALO UTARA",75.05.06,"GENTUMA RAYA",75.05.06.2008,KETAPANG
75.05,"KABUPATEN GORONTALO UTARA",75.05.06,"GENTUMA RAYA",75.05.06.2009,MOTOMINGO
75.05,"KABUPATEN GORONTALO UTARA",75.05.06,"GENTUMA RAYA",75.05.06.2010,DURIAN
75.05,"KABUPATEN GORONTALO UTARA",75.05.06,"GENTUMA RAYA",75.05.06.2011,BOHUSAMI
75.05,"KABUPATEN GORONTALO UTARA",75.05.02,KWANDANG,75.05.02.2001,PONTOLO
75.05,"KABUPATEN GORONTALO UTARA",75.05.02,KWANDANG,75.05.02.2002,MOLINGKAPOTO
75.05,"KABUPATEN GORONTALO UTARA",75.05.02,KWANDANG,75.05.02.2003,LEBOTO
75.05,"KABUPATEN GORONTALO UTARA",75.05.02,KWANDANG,75.05.02.2004,POSSO
75.05,"KABUPATEN GORONTALO UTARA",75.05.02,KWANDANG,75.05.02.2005,TITIDU
75.05,"KABUPATEN GORONTALO UTARA",75.05.02,KWANDANG,75.05.02.2006,MOLUO
75.05,"KABUPATEN GORONTALO UTARA",75.05.02,KWANDANG,75.05.02.2010,MOOTINELO
75.05,"KABUPATEN GORONTALO UTARA",75.05.02,KWANDANG,75.05.02.2011,BUALEMO
75.05,"KABUPATEN GORONTALO UTARA",75.05.02,KWANDANG,75.05.02.2013,BULALO
75.05,"KABUPATEN GORONTALO UTARA",75.05.02,KWANDANG,75.05.02.2017,KATIALADA
75.05,"KABUPATEN GORONTALO UTARA",75.05.02,KWANDANG,75.05.02.2019,OMBULODATA
75.05,"KABUPATEN GORONTALO UTARA",75.05.02,KWANDANG,75.05.02.2021,"ALATA KARYA"
75.05,"KABUPATEN GORONTALO UTARA",75.05.02,KWANDANG,75.05.02.2023,CISADANE
75.05,"KABUPATEN GORONTALO UTARA",75.05.02,KWANDANG,75.05.02.2024,BOTUWOMBATA
75.05,"KABUPATEN GORONTALO UTARA",75.05.02,KWANDANG,75.05.02.2025,BOTUNGOBUNGO
75.05,"KABUPATEN GORONTALO UTARA",75.05.02,KWANDANG,75.05.02.2026,"MOLINGKAPOTO SELATAN"
75.05,"KABUPATEN GORONTALO UTARA",75.05.02,KWANDANG,75.05.02.2030,"PONTOLO ATAS"
75.05,"KABUPATEN GORONTALO UTARA",75.05.02,KWANDANG,75.05.02.2032,MASURU
75.05,"KABUPATEN GORONTALO UTARA",75.05.04,SUMALATA,75.05.04.2001,"BULONTIYO TIMUR"
75.05,"KABUPATEN GORONTALO UTARA",75.05.04,SUMALATA,75.05.04.2002,"BULONTIYO BARAT"
75.05,"KABUPATEN GORONTALO UTARA",75.05.04,SUMALATA,75.05.04.2007,BULOILA
75.05,"KABUPATEN GORONTALO UTARA",75.05.04,SUMALATA,75.05.04.2009,KASIA
75.05,"KABUPATEN GORONTALO UTARA",75.05.04,SUMALATA,75.05.04.2010,KIKIA
75.05,"KABUPATEN GORONTALO UTARA",75.05.04,SUMALATA,75.05.04.2012,TUMBA
75.05,"KABUPATEN GORONTALO UTARA",75.05.04,SUMALATA,75.05.04.2013,MEBONGO
75.05,"KABUPATEN GORONTALO UTARA",75.05.04,SUMALATA,75.05.04.2014,LELATO
75.05,"KABUPATEN GORONTALO UTARA",75.05.04,SUMALATA,75.05.04.2016,PULOHENTI
75.05,"KABUPATEN GORONTALO UTARA",75.05.04,SUMALATA,75.05.04.2019,"PUNCAK MANDIRI"
75.05,"KABUPATEN GORONTALO UTARA",75.05.04,SUMALATA,75.05.04.2020,HUTAKALO
75.05,"KABUPATEN GORONTALO UTARA",75.05.11,"SUMALATA TIMUR",75.05.11.2001,"DEME SATU"
75.05,"KABUPATEN GORONTALO UTARA",75.05.11,"SUMALATA TIMUR",75.05.11.2002,BULUWATU
75.05,"KABUPATEN GORONTALO UTARA",75.05.11,"SUMALATA TIMUR",75.05.11.2003,DULUKAPA
75.05,"KABUPATEN GORONTALO UTARA",75.05.11,"SUMALATA TIMUR",75.05.11.2004,"DEME DUA"
75.05,"KABUPATEN GORONTALO UTARA",75.05.11,"SUMALATA TIMUR",75.05.11.2005,BULADU
75.05,"KABUPATEN GORONTALO UTARA",75.05.11,"SUMALATA TIMUR",75.05.11.2006,HULAWA
75.05,"KABUPATEN GORONTALO UTARA",75.05.11,"SUMALATA TIMUR",75.05.11.2007,WUBUDU
75.05,"KABUPATEN GORONTALO UTARA",75.05.11,"SUMALATA TIMUR",75.05.11.2008,BUBALANGO
75.05,"KABUPATEN GORONTALO UTARA",75.05.11,"SUMALATA TIMUR",75.05.11.2009,MOTIHELUMA
75.05,"KABUPATEN GORONTALO UTARA",75.05.11,"SUMALATA TIMUR",75.05.11.2010,KOLUWOKA
75.05,"KABUPATEN GORONTALO UTARA",75.05.10,BIAU,75.05.10.2001,BIAU
75.05,"KABUPATEN GORONTALO UTARA",75.05.10,BIAU,75.05.10.2002,OMUTO
75.05,"KABUPATEN GORONTALO UTARA",75.05.10,BIAU,75.05.10.2003,LUHUTO
75.05,"KABUPATEN GORONTALO UTARA",75.05.10,BIAU,75.05.10.2004,WINDU
75.05,"KABUPATEN GORONTALO UTARA",75.05.10,BIAU,75.05.10.2005,TOPI
75.05,"KABUPATEN GORONTALO UTARA",75.05.10,BIAU,75.05.10.2006,SEMBIHINGA
75.05,"KABUPATEN GORONTALO UTARA",75.05.10,BIAU,75.05.10.2007,DIDINGGA
75.05,"KABUPATEN GORONTALO UTARA",75.05.10,BIAU,75.05.10.2008,BUALO
75.05,"KABUPATEN GORONTALO UTARA",75.05.10,BIAU,75.05.10.2009,POTANGA
75.05,"KABUPATEN GORONTALO UTARA",75.05.10,BIAU,75.05.10.2010,BOHULO
75.05,"KABUPATEN GORONTALO UTARA",75.05.07,TOMOLITO,75.05.07.2001,DAMBALO
75.05,"KABUPATEN GORONTALO UTARA",75.05.07,TOMOLITO,75.05.07.2002,MILANGO
75.05,"KABUPATEN GORONTALO UTARA",75.05.07,TOMOLITO,75.05.07.2003,"JEMBATAN MERAH"
75.05,"KABUPATEN GORONTALO UTARA",75.05.07,TOMOLITO,75.05.07.2004,BUBODE
75.05,"KABUPATEN GORONTALO UTARA",75.05.07,TOMOLITO,75.05.07.2005,LEYAO
75.05,"KABUPATEN GORONTALO UTARA",75.05.07,TOMOLITO,75.05.07.2006,MOLANTADU
75.05,"KABUPATEN GORONTALO UTARA",75.05.07,TOMOLITO,75.05.07.2007,"HUIDU MELITO"
75.05,"KABUPATEN GORONTALO UTARA",75.05.07,TOMOLITO,75.05.07.2008,"BULANGO RAYA"
75.05,"KABUPATEN GORONTALO UTARA",75.05.07,TOMOLITO,75.05.07.2009,"TANJUNG KARANG"
75.05,"KABUPATEN GORONTALO UTARA",75.05.07,TOMOLITO,75.05.07.2010,"MUTIARA LAUT"
75.05,"KABUPATEN GORONTALO UTARA",75.05.09,MONANO,75.05.09.2001,MONANO
75.05,"KABUPATEN GORONTALO UTARA",75.05.09,MONANO,75.05.09.2002,TUDI
75.05,"KABUPATEN GORONTALO UTARA",75.05.09,MONANO,75.05.09.2003,MONAS
75.05,"KABUPATEN GORONTALO UTARA",75.05.09,MONANO,75.05.09.2004,DUNU
75.05,"KABUPATEN GORONTALO UTARA",75.05.09,MONANO,75.05.09.2005,GARAPIA
75.05,"KABUPATEN GORONTALO UTARA",75.05.09,MONANO,75.05.09.2006,SOGU
75.05,"KABUPATEN GORONTALO UTARA",75.05.09,MONANO,75.05.09.2007,PILOHULATA
75.05,"KABUPATEN GORONTALO UTARA",75.05.09,MONANO,75.05.09.2008,MOKONOWU
75.05,"KABUPATEN GORONTALO UTARA",75.05.09,MONANO,75.05.09.2009,TOLITEHUYU
75.05,"KABUPATEN GORONTALO UTARA",75.05.09,MONANO,75.05.09.2010,ZURIYATI
75.05,"KABUPATEN GORONTALO UTARA",75.05.08,"PONELO KEPULAUAN",75.05.08.2001,PONELO
75.05,"KABUPATEN GORONTALO UTARA",75.05.08,"PONELO KEPULAUAN",75.05.08.2002,MALAMBE
75.05,"KABUPATEN GORONTALO UTARA",75.05.08,"PONELO KEPULAUAN",75.05.08.2003,OTIOLA
75.05,"KABUPATEN GORONTALO UTARA",75.05.08,"PONELO KEPULAUAN",75.05.08.2004,TIHENGO
75.71,"KOTA GORONTALO",75.71.09,HULONTHALANGI,75.71.09.1001,"TANJUNG KRAMAT"
75.71,"KOTA GORONTALO",75.71.09,HULONTHALANGI,75.71.09.1002,POHE
75.71,"KOTA GORONTALO",75.71.09,HULONTHALANGI,75.71.09.1003,TENDA
75.71,"KOTA GORONTALO",75.71.09,HULONTHALANGI,75.71.09.1004,DONGGALA
75.71,"KOTA GORONTALO",75.71.09,HULONTHALANGI,75.71.09.1005,SIENDENG
75.71,"KOTA GORONTALO",75.71.07,SIPATANA,75.71.07.1001,TANGGIKIKI
75.71,"KOTA GORONTALO",75.71.07,SIPATANA,75.71.07.1002,TAPA
75.71,"KOTA GORONTALO",75.71.07,SIPATANA,75.71.07.1003,"BULOTADAA BARAT"
75.71,"KOTA GORONTALO",75.71.07,SIPATANA,75.71.07.1004,"BULOTADAA TIMUR"
75.71,"KOTA GORONTALO",75.71.07,SIPATANA,75.71.07.1005,"MOLOSIFAT U"
75.71,"KOTA GORONTALO",75.71.04,DUNGINGI,75.71.04.1001,HUANGOBOTU
75.71,"KOTA GORONTALO",75.71.04,DUNGINGI,75.71.04.1002,LIBUO
75.71,"KOTA GORONTALO",75.71.04,DUNGINGI,75.71.04.1003,TOMULABUTAO
75.71,"KOTA GORONTALO",75.71.04,DUNGINGI,75.71.04.1004,TULADENGI
75.71,"KOTA GORONTALO",75.71.04,DUNGINGI,75.71.04.1005,"TOMULABUTAO SELATAN"
75.71,"KOTA GORONTALO",75.71.05,"KOTA TIMUR",75.71.05.1003,"HELEDULAA UTARA"
75.71,"KOTA GORONTALO",75.71.05,"KOTA TIMUR",75.71.05.1004,"HELEDULAA SELATAN"
75.71,"KOTA GORONTALO",75.71.05,"KOTA TIMUR",75.71.05.1005,IPILO
75.71,"KOTA GORONTALO",75.71.05,"KOTA TIMUR",75.71.05.1008,MOODU
75.71,"KOTA GORONTALO",75.71.05,"KOTA TIMUR",75.71.05.1009,PADEBUOLO
75.71,"KOTA GORONTALO",75.71.05,"KOTA TIMUR",75.71.05.1011,TAMALATE
75.71,"KOTA GORONTALO",75.71.06,"KOTA TENGAH",75.71.06.1001,WUMIALO
75.71,"KOTA GORONTALO",75.71.06,"KOTA TENGAH",75.71.06.1002,DULALOWO
75.71,"KOTA GORONTALO",75.71.06,"KOTA TENGAH",75.71.06.1003,LILUWO
75.71,"KOTA GORONTALO",75.71.06,"KOTA TENGAH",75.71.06.1004,PULUBALA
75.71,"KOTA GORONTALO",75.71.06,"KOTA TENGAH",75.71.06.1005,PAGUYAMAN
75.71,"KOTA GORONTALO",75.71.06,"KOTA TENGAH",75.71.06.1006,"DULALOWO TIMUR"
75.71,"KOTA GORONTALO",75.71.08,"DUMBO RAYA",75.71.08.1001,"LEATO UTARA"
75.71,"KOTA GORONTALO",75.71.08,"DUMBO RAYA",75.71.08.1002,"LEATO SELATAN"
75.71,"KOTA GORONTALO",75.71.08,"DUMBO RAYA",75.71.08.1003,TALUMOLO
75.71,"KOTA GORONTALO",75.71.08,"DUMBO RAYA",75.71.08.1004,BOTU
75.71,"KOTA GORONTALO",75.71.08,"DUMBO RAYA",75.71.08.1005,BUGIS
75.71,"KOTA GORONTALO",75.71.01,"KOTA BARAT",75.71.01.1001,"DEMBE I"
75.71,"KOTA GORONTALO",75.71.01,"KOTA BARAT",75.71.01.1002,LEKOBALO
75.71,"KOTA GORONTALO",75.71.01,"KOTA BARAT",75.71.01.1003,PILOLODAA
75.71,"KOTA GORONTALO",75.71.01,"KOTA BARAT",75.71.01.1004,BULIIDE
75.71,"KOTA GORONTALO",75.71.01,"KOTA BARAT",75.71.01.1005,TENILO
75.71,"KOTA GORONTALO",75.71.01,"KOTA BARAT",75.71.01.1006,"MOLOSIPAT W"
75.71,"KOTA GORONTALO",75.71.01,"KOTA BARAT",75.71.01.1008,BULADU
75.71,"KOTA GORONTALO",75.71.02,"KOTA SELATAN",75.71.02.1010,BIAWAO
75.71,"KOTA GORONTALO",75.71.02,"KOTA SELATAN",75.71.02.1012,BIAWU
75.71,"KOTA GORONTALO",75.71.02,"KOTA SELATAN",75.71.02.1013,"LIMBA B"
75.71,"KOTA GORONTALO",75.71.02,"KOTA SELATAN",75.71.02.1019,"LIMBA U I"
75.71,"KOTA GORONTALO",75.71.02,"KOTA SELATAN",75.71.02.1020,"LIMBA U II"
75.71,"KOTA GORONTALO",75.71.03,"KOTA UTARA",75.71.03.1003,"DEMBE II"
75.71,"KOTA GORONTALO",75.71.03,"KOTA UTARA",75.71.03.1004,"WONGKADITI TIMUR"
75.71,"KOTA GORONTALO",75.71.03,"KOTA UTARA",75.71.03.1005,"WONGKADITI BARAT"
75.71,"KOTA GORONTALO",75.71.03,"KOTA UTARA",75.71.03.1010,"DULOMO SELATAN"
75.71,"KOTA GORONTALO",75.71.03,"KOTA UTARA",75.71.03.1014,"DULOMO UTARA"
75.71,"KOTA GORONTALO",75.71.03,"KOTA UTARA",75.71.03.1015,"DEMBE JAYA"
